Question,Answer
"1. Describe your experience developing software for embedded operating systems. What unique challenges have you encountered on embedded platforms, and how have you addressed them to ensure product reliability and performance?","Senior Software Engineer, Engineering Productivity 
GoogleplaceSan Jose, CA, USA 
Minimum qualifications: 
• Bachelor’s degree or equivalent practical experience. 
• 5 years of experience with software development in one or more programming 
languages. 
• 3 years of experience working with embedded operating systems. 
• 3 years of experience testing, maintaining, or launching software products. 
• 1 year of experience with software design and architecture. 
 
 
 
Preferred qualifications: 
• Master's degree or PhD in Computer Science or related technical field. 
• 5 years of experience with data structures/algorithms. 
• 1 year of experience in a technical leadership role. 
• Experience developing accessible technologies. 
About the job 
Google's software engineers develop the next-generation technologies that change how 
billions of users connect, explore, and interact with information and one another. Our 
products need to handle information at massive scale, and extend well beyond web 
search. We're looking for engineers who bring fresh ideas from all areas, including 
information retrieval, distributed computing, large-scale system design, networking and 
data storage, security, artificial intelligence, natural language processing, UI design and 
mobile; the list goes on and is growing every day. As a software engineer
, natural language processing, UI design and 
mobile; the list goes on and is growing every day. As a software engineer, you will work on a 
specific project critical to Google’s needs with opportunities to switch teams and projects 
as you and our fast-paced business grow and evolve. We need our engineers to be versatile, 
display leadership qualities and be enthusiastic to take on new problems across the full-
stack as we continue to push technology forward. Android is Google’s mobile operating 
system powering more than 3 billion devices worldwide. Android is about bringing 
computing to everyone in the world. We believe computing is a super power for good,enabling access to information, economic opportunity, productivity, connectivity between 
friends and family and more. We think everyone in the world should have access to the best 
computing has to offer. We provide the platform for original equipment manufacturers 
(OEMs) and developers to build compelling computing devices (smartphones, tablets, TVs, 
wearables, etc) that run the best apps/services for everyone in the world. 
 
The US base salary range for this full-time position is $166,000-$244,000 + bonus + equity + 
benefits. Our salary ranges are determined by role, level, and location
-$244,000 + bonus + equity + 
benefits. Our salary ranges are determined by role, level, and location. Within the range, 
individual pay is determined by work location and additional factors, including job-related 
skills, experience, and relevant education or training. Your recruiter can share more about 
the specific salary range for your preferred location during the hiring process. 
 
Please note that the compensation details listed in US role postings reflect the base salary 
only, and do not include bonus, equity, or benefits. Learn more about benefits at Google. 
Responsibilities 
• Write and test product or system development code. 
• Participate in, or lead design reviews with peers and stakeholders to decide 
amongst available technologies. 
• Review code developed by other developers and provide feedback to ensure best 
practices (e.g., style guidelines, checking code in, accuracy, testability, and 
efficiency). 
• Contribute to existing documentation or educational content and adapt content 
based on product/program updates and user feedback. 
• Triage product or system issues and debug/track/resolve by analyzing the sources of 
issues and the impact on hardware, network, or service operations and quality."
"2. Explain the role of software design and architecture in building large-scale, high-impact systems. Can you share an example where your architectural decisions significantly influenced the system’s scalability or maintainability?","Senior Software Engineer, Engineering Productivity 
GoogleplaceSan Jose, CA, USA 
Minimum qualifications: 
• Bachelor’s degree or equivalent practical experience. 
• 5 years of experience with software development in one or more programming 
languages. 
• 3 years of experience working with embedded operating systems. 
• 3 years of experience testing, maintaining, or launching software products. 
• 1 year of experience with software design and architecture. 
 
 
 
Preferred qualifications: 
• Master's degree or PhD in Computer Science or related technical field. 
• 5 years of experience with data structures/algorithms. 
• 1 year of experience in a technical leadership role. 
• Experience developing accessible technologies. 
About the job 
Google's software engineers develop the next-generation technologies that change how 
billions of users connect, explore, and interact with information and one another. Our 
products need to handle information at massive scale, and extend well beyond web 
search. We're looking for engineers who bring fresh ideas from all areas, including 
information retrieval, distributed computing, large-scale system design, networking and 
data storage, security, artificial intelligence, natural language processing, UI design and 
mobile; the list goes on and is growing every day. As a software engineer
-$244,000 + bonus + equity + 
benefits. Our salary ranges are determined by role, level, and location. Within the range, 
individual pay is determined by work location and additional factors, including job-related 
skills, experience, and relevant education or training. Your recruiter can share more about 
the specific salary range for your preferred location during the hiring process. 
 
Please note that the compensation details listed in US role postings reflect the base salary 
only, and do not include bonus, equity, or benefits. Learn more about benefits at Google. 
Responsibilities 
• Write and test product or system development code. 
• Participate in, or lead design reviews with peers and stakeholders to decide 
amongst available technologies. 
• Review code developed by other developers and provide feedback to ensure best 
practices (e.g., style guidelines, checking code in, accuracy, testability, and 
efficiency). 
• Contribute to existing documentation or educational content and adapt content 
based on product/program updates and user feedback. 
• Triage product or system issues and debug/track/resolve by analyzing the sources of 
issues and the impact on hardware, network, or service operations and quality.
, natural language processing, UI design and 
mobile; the list goes on and is growing every day. As a software engineer, you will work on a 
specific project critical to Google’s needs with opportunities to switch teams and projects 
as you and our fast-paced business grow and evolve. We need our engineers to be versatile, 
display leadership qualities and be enthusiastic to take on new problems across the full-
stack as we continue to push technology forward. Android is Google’s mobile operating 
system powering more than 3 billion devices worldwide. Android is about bringing 
computing to everyone in the world. We believe computing is a super power for good,enabling access to information, economic opportunity, productivity, connectivity between 
friends and family and more. We think everyone in the world should have access to the best 
computing has to offer. We provide the platform for original equipment manufacturers 
(OEMs) and developers to build compelling computing devices (smartphones, tablets, TVs, 
wearables, etc) that run the best apps/services for everyone in the world. 
 
The US base salary range for this full-time position is $166,000-$244,000 + bonus + equity + 
benefits. Our salary ranges are determined by role, level, and location"
"3. How do you approach writing and testing system or product development code to guarantee reliability, maintainability, and ease of future enhancements? What testing frameworks or methodologies do you typically use?","Senior Software Engineer, Engineering Productivity 
GoogleplaceSan Jose, CA, USA 
Minimum qualifications: 
• Bachelor’s degree or equivalent practical experience. 
• 5 years of experience with software development in one or more programming 
languages. 
• 3 years of experience working with embedded operating systems. 
• 3 years of experience testing, maintaining, or launching software products. 
• 1 year of experience with software design and architecture. 
 
 
 
Preferred qualifications: 
• Master's degree or PhD in Computer Science or related technical field. 
• 5 years of experience with data structures/algorithms. 
• 1 year of experience in a technical leadership role. 
• Experience developing accessible technologies. 
About the job 
Google's software engineers develop the next-generation technologies that change how 
billions of users connect, explore, and interact with information and one another. Our 
products need to handle information at massive scale, and extend well beyond web 
search. We're looking for engineers who bring fresh ideas from all areas, including 
information retrieval, distributed computing, large-scale system design, networking and 
data storage, security, artificial intelligence, natural language processing, UI design and 
mobile; the list goes on and is growing every day. As a software engineer
-$244,000 + bonus + equity + 
benefits. Our salary ranges are determined by role, level, and location. Within the range, 
individual pay is determined by work location and additional factors, including job-related 
skills, experience, and relevant education or training. Your recruiter can share more about 
the specific salary range for your preferred location during the hiring process. 
 
Please note that the compensation details listed in US role postings reflect the base salary 
only, and do not include bonus, equity, or benefits. Learn more about benefits at Google. 
Responsibilities 
• Write and test product or system development code. 
• Participate in, or lead design reviews with peers and stakeholders to decide 
amongst available technologies. 
• Review code developed by other developers and provide feedback to ensure best 
practices (e.g., style guidelines, checking code in, accuracy, testability, and 
efficiency). 
• Contribute to existing documentation or educational content and adapt content 
based on product/program updates and user feedback. 
• Triage product or system issues and debug/track/resolve by analyzing the sources of 
issues and the impact on hardware, network, or service operations and quality.
, natural language processing, UI design and 
mobile; the list goes on and is growing every day. As a software engineer, you will work on a 
specific project critical to Google’s needs with opportunities to switch teams and projects 
as you and our fast-paced business grow and evolve. We need our engineers to be versatile, 
display leadership qualities and be enthusiastic to take on new problems across the full-
stack as we continue to push technology forward. Android is Google’s mobile operating 
system powering more than 3 billion devices worldwide. Android is about bringing 
computing to everyone in the world. We believe computing is a super power for good,enabling access to information, economic opportunity, productivity, connectivity between 
friends and family and more. We think everyone in the world should have access to the best 
computing has to offer. We provide the platform for original equipment manufacturers 
(OEMs) and developers to build compelling computing devices (smartphones, tablets, TVs, 
wearables, etc) that run the best apps/services for everyone in the world. 
 
The US base salary range for this full-time position is $166,000-$244,000 + bonus + equity + 
benefits. Our salary ranges are determined by role, level, and location"
"4. When participating in or leading design reviews, what strategies do you use to evaluate and decide among multiple competing technologies or approaches? How do you balance innovation with practicality?","Senior Software Engineer, Engineering Productivity 
GoogleplaceSan Jose, CA, USA 
Minimum qualifications: 
• Bachelor’s degree or equivalent practical experience. 
• 5 years of experience with software development in one or more programming 
languages. 
• 3 years of experience working with embedded operating systems. 
• 3 years of experience testing, maintaining, or launching software products. 
• 1 year of experience with software design and architecture. 
 
 
 
Preferred qualifications: 
• Master's degree or PhD in Computer Science or related technical field. 
• 5 years of experience with data structures/algorithms. 
• 1 year of experience in a technical leadership role. 
• Experience developing accessible technologies. 
About the job 
Google's software engineers develop the next-generation technologies that change how 
billions of users connect, explore, and interact with information and one another. Our 
products need to handle information at massive scale, and extend well beyond web 
search. We're looking for engineers who bring fresh ideas from all areas, including 
information retrieval, distributed computing, large-scale system design, networking and 
data storage, security, artificial intelligence, natural language processing, UI design and 
mobile; the list goes on and is growing every day. As a software engineer
-$244,000 + bonus + equity + 
benefits. Our salary ranges are determined by role, level, and location. Within the range, 
individual pay is determined by work location and additional factors, including job-related 
skills, experience, and relevant education or training. Your recruiter can share more about 
the specific salary range for your preferred location during the hiring process. 
 
Please note that the compensation details listed in US role postings reflect the base salary 
only, and do not include bonus, equity, or benefits. Learn more about benefits at Google. 
Responsibilities 
• Write and test product or system development code. 
• Participate in, or lead design reviews with peers and stakeholders to decide 
amongst available technologies. 
• Review code developed by other developers and provide feedback to ensure best 
practices (e.g., style guidelines, checking code in, accuracy, testability, and 
efficiency). 
• Contribute to existing documentation or educational content and adapt content 
based on product/program updates and user feedback. 
• Triage product or system issues and debug/track/resolve by analyzing the sources of 
issues and the impact on hardware, network, or service operations and quality.
, natural language processing, UI design and 
mobile; the list goes on and is growing every day. As a software engineer, you will work on a 
specific project critical to Google’s needs with opportunities to switch teams and projects 
as you and our fast-paced business grow and evolve. We need our engineers to be versatile, 
display leadership qualities and be enthusiastic to take on new problems across the full-
stack as we continue to push technology forward. Android is Google’s mobile operating 
system powering more than 3 billion devices worldwide. Android is about bringing 
computing to everyone in the world. We believe computing is a super power for good,enabling access to information, economic opportunity, productivity, connectivity between 
friends and family and more. We think everyone in the world should have access to the best 
computing has to offer. We provide the platform for original equipment manufacturers 
(OEMs) and developers to build compelling computing devices (smartphones, tablets, TVs, 
wearables, etc) that run the best apps/services for everyone in the world. 
 
The US base salary range for this full-time position is $166,000-$244,000 + bonus + equity + 
benefits. Our salary ranges are determined by role, level, and location"
"5. Describe your process for reviewing code written by peers. What key aspects do you focus on to ensure adherence to best practices such as coding style, correctness, test coverage, and efficiency?","Senior Software Engineer, Engineering Productivity 
GoogleplaceSan Jose, CA, USA 
Minimum qualifications: 
• Bachelor’s degree or equivalent practical experience. 
• 5 years of experience with software development in one or more programming 
languages. 
• 3 years of experience working with embedded operating systems. 
• 3 years of experience testing, maintaining, or launching software products. 
• 1 year of experience with software design and architecture. 
 
 
 
Preferred qualifications: 
• Master's degree or PhD in Computer Science or related technical field. 
• 5 years of experience with data structures/algorithms. 
• 1 year of experience in a technical leadership role. 
• Experience developing accessible technologies. 
About the job 
Google's software engineers develop the next-generation technologies that change how 
billions of users connect, explore, and interact with information and one another. Our 
products need to handle information at massive scale, and extend well beyond web 
search. We're looking for engineers who bring fresh ideas from all areas, including 
information retrieval, distributed computing, large-scale system design, networking and 
data storage, security, artificial intelligence, natural language processing, UI design and 
mobile; the list goes on and is growing every day. As a software engineer
-$244,000 + bonus + equity + 
benefits. Our salary ranges are determined by role, level, and location. Within the range, 
individual pay is determined by work location and additional factors, including job-related 
skills, experience, and relevant education or training. Your recruiter can share more about 
the specific salary range for your preferred location during the hiring process. 
 
Please note that the compensation details listed in US role postings reflect the base salary 
only, and do not include bonus, equity, or benefits. Learn more about benefits at Google. 
Responsibilities 
• Write and test product or system development code. 
• Participate in, or lead design reviews with peers and stakeholders to decide 
amongst available technologies. 
• Review code developed by other developers and provide feedback to ensure best 
practices (e.g., style guidelines, checking code in, accuracy, testability, and 
efficiency). 
• Contribute to existing documentation or educational content and adapt content 
based on product/program updates and user feedback. 
• Triage product or system issues and debug/track/resolve by analyzing the sources of 
issues and the impact on hardware, network, or service operations and quality.
, natural language processing, UI design and 
mobile; the list goes on and is growing every day. As a software engineer, you will work on a 
specific project critical to Google’s needs with opportunities to switch teams and projects 
as you and our fast-paced business grow and evolve. We need our engineers to be versatile, 
display leadership qualities and be enthusiastic to take on new problems across the full-
stack as we continue to push technology forward. Android is Google’s mobile operating 
system powering more than 3 billion devices worldwide. Android is about bringing 
computing to everyone in the world. We believe computing is a super power for good,enabling access to information, economic opportunity, productivity, connectivity between 
friends and family and more. We think everyone in the world should have access to the best 
computing has to offer. We provide the platform for original equipment manufacturers 
(OEMs) and developers to build compelling computing devices (smartphones, tablets, TVs, 
wearables, etc) that run the best apps/services for everyone in the world. 
 
The US base salary range for this full-time position is $166,000-$244,000 + bonus + equity + 
benefits. Our salary ranges are determined by role, level, and location"
"6. How do you contribute to maintaining and evolving technical documentation or educational materials? Why do you believe this is critical in a fast-paced, evolving engineering environment?","Senior Software Engineer, Engineering Productivity 
GoogleplaceSan Jose, CA, USA 
Minimum qualifications: 
• Bachelor’s degree or equivalent practical experience. 
• 5 years of experience with software development in one or more programming 
languages. 
• 3 years of experience working with embedded operating systems. 
• 3 years of experience testing, maintaining, or launching software products. 
• 1 year of experience with software design and architecture. 
 
 
 
Preferred qualifications: 
• Master's degree or PhD in Computer Science or related technical field. 
• 5 years of experience with data structures/algorithms. 
• 1 year of experience in a technical leadership role. 
• Experience developing accessible technologies. 
About the job 
Google's software engineers develop the next-generation technologies that change how 
billions of users connect, explore, and interact with information and one another. Our 
products need to handle information at massive scale, and extend well beyond web 
search. We're looking for engineers who bring fresh ideas from all areas, including 
information retrieval, distributed computing, large-scale system design, networking and 
data storage, security, artificial intelligence, natural language processing, UI design and 
mobile; the list goes on and is growing every day. As a software engineer
-$244,000 + bonus + equity + 
benefits. Our salary ranges are determined by role, level, and location. Within the range, 
individual pay is determined by work location and additional factors, including job-related 
skills, experience, and relevant education or training. Your recruiter can share more about 
the specific salary range for your preferred location during the hiring process. 
 
Please note that the compensation details listed in US role postings reflect the base salary 
only, and do not include bonus, equity, or benefits. Learn more about benefits at Google. 
Responsibilities 
• Write and test product or system development code. 
• Participate in, or lead design reviews with peers and stakeholders to decide 
amongst available technologies. 
• Review code developed by other developers and provide feedback to ensure best 
practices (e.g., style guidelines, checking code in, accuracy, testability, and 
efficiency). 
• Contribute to existing documentation or educational content and adapt content 
based on product/program updates and user feedback. 
• Triage product or system issues and debug/track/resolve by analyzing the sources of 
issues and the impact on hardware, network, or service operations and quality.
, natural language processing, UI design and 
mobile; the list goes on and is growing every day. As a software engineer, you will work on a 
specific project critical to Google’s needs with opportunities to switch teams and projects 
as you and our fast-paced business grow and evolve. We need our engineers to be versatile, 
display leadership qualities and be enthusiastic to take on new problems across the full-
stack as we continue to push technology forward. Android is Google’s mobile operating 
system powering more than 3 billion devices worldwide. Android is about bringing 
computing to everyone in the world. We believe computing is a super power for good,enabling access to information, economic opportunity, productivity, connectivity between 
friends and family and more. We think everyone in the world should have access to the best 
computing has to offer. We provide the platform for original equipment manufacturers 
(OEMs) and developers to build compelling computing devices (smartphones, tablets, TVs, 
wearables, etc) that run the best apps/services for everyone in the world. 
 
The US base salary range for this full-time position is $166,000-$244,000 + bonus + equity + 
benefits. Our salary ranges are determined by role, level, and location"
"7. Walk us through your approach to triaging and debugging complex product or system issues. What tools and techniques do you use to analyze root causes and assess impacts on hardware, network, or service operations?","Senior Software Engineer, Engineering Productivity 
GoogleplaceSan Jose, CA, USA 
Minimum qualifications: 
• Bachelor’s degree or equivalent practical experience. 
• 5 years of experience with software development in one or more programming 
languages. 
• 3 years of experience working with embedded operating systems. 
• 3 years of experience testing, maintaining, or launching software products. 
• 1 year of experience with software design and architecture. 
 
 
 
Preferred qualifications: 
• Master's degree or PhD in Computer Science or related technical field. 
• 5 years of experience with data structures/algorithms. 
• 1 year of experience in a technical leadership role. 
• Experience developing accessible technologies. 
About the job 
Google's software engineers develop the next-generation technologies that change how 
billions of users connect, explore, and interact with information and one another. Our 
products need to handle information at massive scale, and extend well beyond web 
search. We're looking for engineers who bring fresh ideas from all areas, including 
information retrieval, distributed computing, large-scale system design, networking and 
data storage, security, artificial intelligence, natural language processing, UI design and 
mobile; the list goes on and is growing every day. As a software engineer
-$244,000 + bonus + equity + 
benefits. Our salary ranges are determined by role, level, and location. Within the range, 
individual pay is determined by work location and additional factors, including job-related 
skills, experience, and relevant education or training. Your recruiter can share more about 
the specific salary range for your preferred location during the hiring process. 
 
Please note that the compensation details listed in US role postings reflect the base salary 
only, and do not include bonus, equity, or benefits. Learn more about benefits at Google. 
Responsibilities 
• Write and test product or system development code. 
• Participate in, or lead design reviews with peers and stakeholders to decide 
amongst available technologies. 
• Review code developed by other developers and provide feedback to ensure best 
practices (e.g., style guidelines, checking code in, accuracy, testability, and 
efficiency). 
• Contribute to existing documentation or educational content and adapt content 
based on product/program updates and user feedback. 
• Triage product or system issues and debug/track/resolve by analyzing the sources of 
issues and the impact on hardware, network, or service operations and quality.
, natural language processing, UI design and 
mobile; the list goes on and is growing every day. As a software engineer, you will work on a 
specific project critical to Google’s needs with opportunities to switch teams and projects 
as you and our fast-paced business grow and evolve. We need our engineers to be versatile, 
display leadership qualities and be enthusiastic to take on new problems across the full-
stack as we continue to push technology forward. Android is Google’s mobile operating 
system powering more than 3 billion devices worldwide. Android is about bringing 
computing to everyone in the world. We believe computing is a super power for good,enabling access to information, economic opportunity, productivity, connectivity between 
friends and family and more. We think everyone in the world should have access to the best 
computing has to offer. We provide the platform for original equipment manufacturers 
(OEMs) and developers to build compelling computing devices (smartphones, tablets, TVs, 
wearables, etc) that run the best apps/services for everyone in the world. 
 
The US base salary range for this full-time position is $166,000-$244,000 + bonus + equity + 
benefits. Our salary ranges are determined by role, level, and location"
8. Discuss your experience applying data structures and algorithms in your projects. How have these skills helped you optimize performance or solve challenging problems?,"Senior Software Engineer, Engineering Productivity 
GoogleplaceSan Jose, CA, USA 
Minimum qualifications: 
• Bachelor’s degree or equivalent practical experience. 
• 5 years of experience with software development in one or more programming 
languages. 
• 3 years of experience working with embedded operating systems. 
• 3 years of experience testing, maintaining, or launching software products. 
• 1 year of experience with software design and architecture. 
 
 
 
Preferred qualifications: 
• Master's degree or PhD in Computer Science or related technical field. 
• 5 years of experience with data structures/algorithms. 
• 1 year of experience in a technical leadership role. 
• Experience developing accessible technologies. 
About the job 
Google's software engineers develop the next-generation technologies that change how 
billions of users connect, explore, and interact with information and one another. Our 
products need to handle information at massive scale, and extend well beyond web 
search. We're looking for engineers who bring fresh ideas from all areas, including 
information retrieval, distributed computing, large-scale system design, networking and 
data storage, security, artificial intelligence, natural language processing, UI design and 
mobile; the list goes on and is growing every day. As a software engineer
-$244,000 + bonus + equity + 
benefits. Our salary ranges are determined by role, level, and location. Within the range, 
individual pay is determined by work location and additional factors, including job-related 
skills, experience, and relevant education or training. Your recruiter can share more about 
the specific salary range for your preferred location during the hiring process. 
 
Please note that the compensation details listed in US role postings reflect the base salary 
only, and do not include bonus, equity, or benefits. Learn more about benefits at Google. 
Responsibilities 
• Write and test product or system development code. 
• Participate in, or lead design reviews with peers and stakeholders to decide 
amongst available technologies. 
• Review code developed by other developers and provide feedback to ensure best 
practices (e.g., style guidelines, checking code in, accuracy, testability, and 
efficiency). 
• Contribute to existing documentation or educational content and adapt content 
based on product/program updates and user feedback. 
• Triage product or system issues and debug/track/resolve by analyzing the sources of 
issues and the impact on hardware, network, or service operations and quality.
, natural language processing, UI design and 
mobile; the list goes on and is growing every day. As a software engineer, you will work on a 
specific project critical to Google’s needs with opportunities to switch teams and projects 
as you and our fast-paced business grow and evolve. We need our engineers to be versatile, 
display leadership qualities and be enthusiastic to take on new problems across the full-
stack as we continue to push technology forward. Android is Google’s mobile operating 
system powering more than 3 billion devices worldwide. Android is about bringing 
computing to everyone in the world. We believe computing is a super power for good,enabling access to information, economic opportunity, productivity, connectivity between 
friends and family and more. We think everyone in the world should have access to the best 
computing has to offer. We provide the platform for original equipment manufacturers 
(OEMs) and developers to build compelling computing devices (smartphones, tablets, TVs, 
wearables, etc) that run the best apps/services for everyone in the world. 
 
The US base salary range for this full-time position is $166,000-$244,000 + bonus + equity + 
benefits. Our salary ranges are determined by role, level, and location"
"9. Have you held technical leadership roles? If so, describe your responsibilities and how you have supported your team’s success, including mentoring, decision-making, and fostering collaboration.","Senior Software Engineer, Engineering Productivity 
GoogleplaceSan Jose, CA, USA 
Minimum qualifications: 
• Bachelor’s degree or equivalent practical experience. 
• 5 years of experience with software development in one or more programming 
languages. 
• 3 years of experience working with embedded operating systems. 
• 3 years of experience testing, maintaining, or launching software products. 
• 1 year of experience with software design and architecture. 
 
 
 
Preferred qualifications: 
• Master's degree or PhD in Computer Science or related technical field. 
• 5 years of experience with data structures/algorithms. 
• 1 year of experience in a technical leadership role. 
• Experience developing accessible technologies. 
About the job 
Google's software engineers develop the next-generation technologies that change how 
billions of users connect, explore, and interact with information and one another. Our 
products need to handle information at massive scale, and extend well beyond web 
search. We're looking for engineers who bring fresh ideas from all areas, including 
information retrieval, distributed computing, large-scale system design, networking and 
data storage, security, artificial intelligence, natural language processing, UI design and 
mobile; the list goes on and is growing every day. As a software engineer
-$244,000 + bonus + equity + 
benefits. Our salary ranges are determined by role, level, and location. Within the range, 
individual pay is determined by work location and additional factors, including job-related 
skills, experience, and relevant education or training. Your recruiter can share more about 
the specific salary range for your preferred location during the hiring process. 
 
Please note that the compensation details listed in US role postings reflect the base salary 
only, and do not include bonus, equity, or benefits. Learn more about benefits at Google. 
Responsibilities 
• Write and test product or system development code. 
• Participate in, or lead design reviews with peers and stakeholders to decide 
amongst available technologies. 
• Review code developed by other developers and provide feedback to ensure best 
practices (e.g., style guidelines, checking code in, accuracy, testability, and 
efficiency). 
• Contribute to existing documentation or educational content and adapt content 
based on product/program updates and user feedback. 
• Triage product or system issues and debug/track/resolve by analyzing the sources of 
issues and the impact on hardware, network, or service operations and quality.
, natural language processing, UI design and 
mobile; the list goes on and is growing every day. As a software engineer, you will work on a 
specific project critical to Google’s needs with opportunities to switch teams and projects 
as you and our fast-paced business grow and evolve. We need our engineers to be versatile, 
display leadership qualities and be enthusiastic to take on new problems across the full-
stack as we continue to push technology forward. Android is Google’s mobile operating 
system powering more than 3 billion devices worldwide. Android is about bringing 
computing to everyone in the world. We believe computing is a super power for good,enabling access to information, economic opportunity, productivity, connectivity between 
friends and family and more. We think everyone in the world should have access to the best 
computing has to offer. We provide the platform for original equipment manufacturers 
(OEMs) and developers to build compelling computing devices (smartphones, tablets, TVs, 
wearables, etc) that run the best apps/services for everyone in the world. 
 
The US base salary range for this full-time position is $166,000-$244,000 + bonus + equity + 
benefits. Our salary ranges are determined by role, level, and location"
"10. What experience do you have developing accessible technologies? Why is accessibility important in software engineering, especially at scale?","Senior Software Engineer, Engineering Productivity 
GoogleplaceSan Jose, CA, USA 
Minimum qualifications: 
• Bachelor’s degree or equivalent practical experience. 
• 5 years of experience with software development in one or more programming 
languages. 
• 3 years of experience working with embedded operating systems. 
• 3 years of experience testing, maintaining, or launching software products. 
• 1 year of experience with software design and architecture. 
 
 
 
Preferred qualifications: 
• Master's degree or PhD in Computer Science or related technical field. 
• 5 years of experience with data structures/algorithms. 
• 1 year of experience in a technical leadership role. 
• Experience developing accessible technologies. 
About the job 
Google's software engineers develop the next-generation technologies that change how 
billions of users connect, explore, and interact with information and one another. Our 
products need to handle information at massive scale, and extend well beyond web 
search. We're looking for engineers who bring fresh ideas from all areas, including 
information retrieval, distributed computing, large-scale system design, networking and 
data storage, security, artificial intelligence, natural language processing, UI design and 
mobile; the list goes on and is growing every day. As a software engineer
-$244,000 + bonus + equity + 
benefits. Our salary ranges are determined by role, level, and location. Within the range, 
individual pay is determined by work location and additional factors, including job-related 
skills, experience, and relevant education or training. Your recruiter can share more about 
the specific salary range for your preferred location during the hiring process. 
 
Please note that the compensation details listed in US role postings reflect the base salary 
only, and do not include bonus, equity, or benefits. Learn more about benefits at Google. 
Responsibilities 
• Write and test product or system development code. 
• Participate in, or lead design reviews with peers and stakeholders to decide 
amongst available technologies. 
• Review code developed by other developers and provide feedback to ensure best 
practices (e.g., style guidelines, checking code in, accuracy, testability, and 
efficiency). 
• Contribute to existing documentation or educational content and adapt content 
based on product/program updates and user feedback. 
• Triage product or system issues and debug/track/resolve by analyzing the sources of 
issues and the impact on hardware, network, or service operations and quality.
, natural language processing, UI design and 
mobile; the list goes on and is growing every day. As a software engineer, you will work on a 
specific project critical to Google’s needs with opportunities to switch teams and projects 
as you and our fast-paced business grow and evolve. We need our engineers to be versatile, 
display leadership qualities and be enthusiastic to take on new problems across the full-
stack as we continue to push technology forward. Android is Google’s mobile operating 
system powering more than 3 billion devices worldwide. Android is about bringing 
computing to everyone in the world. We believe computing is a super power for good,enabling access to information, economic opportunity, productivity, connectivity between 
friends and family and more. We think everyone in the world should have access to the best 
computing has to offer. We provide the platform for original equipment manufacturers 
(OEMs) and developers to build compelling computing devices (smartphones, tablets, TVs, 
wearables, etc) that run the best apps/services for everyone in the world. 
 
The US base salary range for this full-time position is $166,000-$244,000 + bonus + equity + 
benefits. Our salary ranges are determined by role, level, and location"
"11. Google’s Android platform runs on billions of devices across diverse hardware such as smartphones, tablets, TVs, and wearables. How would you design software to scale effectively across such heterogeneous environments?",", natural language processing, UI design and 
mobile; the list goes on and is growing every day. As a software engineer, you will work on a 
specific project critical to Google’s needs with opportunities to switch teams and projects 
as you and our fast-paced business grow and evolve. We need our engineers to be versatile, 
display leadership qualities and be enthusiastic to take on new problems across the full-
stack as we continue to push technology forward. Android is Google’s mobile operating 
system powering more than 3 billion devices worldwide. Android is about bringing 
computing to everyone in the world. We believe computing is a super power for good,enabling access to information, economic opportunity, productivity, connectivity between 
friends and family and more. We think everyone in the world should have access to the best 
computing has to offer. We provide the platform for original equipment manufacturers 
(OEMs) and developers to build compelling computing devices (smartphones, tablets, TVs, 
wearables, etc) that run the best apps/services for everyone in the world. 
 
The US base salary range for this full-time position is $166,000-$244,000 + bonus + equity + 
benefits. Our salary ranges are determined by role, level, and location
Senior Software Engineer, Engineering Productivity 
GoogleplaceSan Jose, CA, USA 
Minimum qualifications: 
• Bachelor’s degree or equivalent practical experience. 
• 5 years of experience with software development in one or more programming 
languages. 
• 3 years of experience working with embedded operating systems. 
• 3 years of experience testing, maintaining, or launching software products. 
• 1 year of experience with software design and architecture. 
 
 
 
Preferred qualifications: 
• Master's degree or PhD in Computer Science or related technical field. 
• 5 years of experience with data structures/algorithms. 
• 1 year of experience in a technical leadership role. 
• Experience developing accessible technologies. 
About the job 
Google's software engineers develop the next-generation technologies that change how 
billions of users connect, explore, and interact with information and one another. Our 
products need to handle information at massive scale, and extend well beyond web 
search. We're looking for engineers who bring fresh ideas from all areas, including 
information retrieval, distributed computing, large-scale system design, networking and 
data storage, security, artificial intelligence, natural language processing, UI design and 
mobile; the list goes on and is growing every day. As a software engineer
-$244,000 + bonus + equity + 
benefits. Our salary ranges are determined by role, level, and location. Within the range, 
individual pay is determined by work location and additional factors, including job-related 
skills, experience, and relevant education or training. Your recruiter can share more about 
the specific salary range for your preferred location during the hiring process. 
 
Please note that the compensation details listed in US role postings reflect the base salary 
only, and do not include bonus, equity, or benefits. Learn more about benefits at Google. 
Responsibilities 
• Write and test product or system development code. 
• Participate in, or lead design reviews with peers and stakeholders to decide 
amongst available technologies. 
• Review code developed by other developers and provide feedback to ensure best 
practices (e.g., style guidelines, checking code in, accuracy, testability, and 
efficiency). 
• Contribute to existing documentation or educational content and adapt content 
based on product/program updates and user feedback. 
• Triage product or system issues and debug/track/resolve by analyzing the sources of 
issues and the impact on hardware, network, or service operations and quality."
"12. Describe a situation where you had to quickly switch teams or projects. How did you adapt to new technologies, domains, or workflows to contribute effectively?","Senior Software Engineer, Engineering Productivity 
GoogleplaceSan Jose, CA, USA 
Minimum qualifications: 
• Bachelor’s degree or equivalent practical experience. 
• 5 years of experience with software development in one or more programming 
languages. 
• 3 years of experience working with embedded operating systems. 
• 3 years of experience testing, maintaining, or launching software products. 
• 1 year of experience with software design and architecture. 
 
 
 
Preferred qualifications: 
• Master's degree or PhD in Computer Science or related technical field. 
• 5 years of experience with data structures/algorithms. 
• 1 year of experience in a technical leadership role. 
• Experience developing accessible technologies. 
About the job 
Google's software engineers develop the next-generation technologies that change how 
billions of users connect, explore, and interact with information and one another. Our 
products need to handle information at massive scale, and extend well beyond web 
search. We're looking for engineers who bring fresh ideas from all areas, including 
information retrieval, distributed computing, large-scale system design, networking and 
data storage, security, artificial intelligence, natural language processing, UI design and 
mobile; the list goes on and is growing every day. As a software engineer
-$244,000 + bonus + equity + 
benefits. Our salary ranges are determined by role, level, and location. Within the range, 
individual pay is determined by work location and additional factors, including job-related 
skills, experience, and relevant education or training. Your recruiter can share more about 
the specific salary range for your preferred location during the hiring process. 
 
Please note that the compensation details listed in US role postings reflect the base salary 
only, and do not include bonus, equity, or benefits. Learn more about benefits at Google. 
Responsibilities 
• Write and test product or system development code. 
• Participate in, or lead design reviews with peers and stakeholders to decide 
amongst available technologies. 
• Review code developed by other developers and provide feedback to ensure best 
practices (e.g., style guidelines, checking code in, accuracy, testability, and 
efficiency). 
• Contribute to existing documentation or educational content and adapt content 
based on product/program updates and user feedback. 
• Triage product or system issues and debug/track/resolve by analyzing the sources of 
issues and the impact on hardware, network, or service operations and quality.
, natural language processing, UI design and 
mobile; the list goes on and is growing every day. As a software engineer, you will work on a 
specific project critical to Google’s needs with opportunities to switch teams and projects 
as you and our fast-paced business grow and evolve. We need our engineers to be versatile, 
display leadership qualities and be enthusiastic to take on new problems across the full-
stack as we continue to push technology forward. Android is Google’s mobile operating 
system powering more than 3 billion devices worldwide. Android is about bringing 
computing to everyone in the world. We believe computing is a super power for good,enabling access to information, economic opportunity, productivity, connectivity between 
friends and family and more. We think everyone in the world should have access to the best 
computing has to offer. We provide the platform for original equipment manufacturers 
(OEMs) and developers to build compelling computing devices (smartphones, tablets, TVs, 
wearables, etc) that run the best apps/services for everyone in the world. 
 
The US base salary range for this full-time position is $166,000-$244,000 + bonus + equity + 
benefits. Our salary ranges are determined by role, level, and location"
13. How do you ensure your software solutions are efficient and scalable when working with distributed computing or large-scale system design? Can you provide an example?,"Senior Software Engineer, Engineering Productivity 
GoogleplaceSan Jose, CA, USA 
Minimum qualifications: 
• Bachelor’s degree or equivalent practical experience. 
• 5 years of experience with software development in one or more programming 
languages. 
• 3 years of experience working with embedded operating systems. 
• 3 years of experience testing, maintaining, or launching software products. 
• 1 year of experience with software design and architecture. 
 
 
 
Preferred qualifications: 
• Master's degree or PhD in Computer Science or related technical field. 
• 5 years of experience with data structures/algorithms. 
• 1 year of experience in a technical leadership role. 
• Experience developing accessible technologies. 
About the job 
Google's software engineers develop the next-generation technologies that change how 
billions of users connect, explore, and interact with information and one another. Our 
products need to handle information at massive scale, and extend well beyond web 
search. We're looking for engineers who bring fresh ideas from all areas, including 
information retrieval, distributed computing, large-scale system design, networking and 
data storage, security, artificial intelligence, natural language processing, UI design and 
mobile; the list goes on and is growing every day. As a software engineer
-$244,000 + bonus + equity + 
benefits. Our salary ranges are determined by role, level, and location. Within the range, 
individual pay is determined by work location and additional factors, including job-related 
skills, experience, and relevant education or training. Your recruiter can share more about 
the specific salary range for your preferred location during the hiring process. 
 
Please note that the compensation details listed in US role postings reflect the base salary 
only, and do not include bonus, equity, or benefits. Learn more about benefits at Google. 
Responsibilities 
• Write and test product or system development code. 
• Participate in, or lead design reviews with peers and stakeholders to decide 
amongst available technologies. 
• Review code developed by other developers and provide feedback to ensure best 
practices (e.g., style guidelines, checking code in, accuracy, testability, and 
efficiency). 
• Contribute to existing documentation or educational content and adapt content 
based on product/program updates and user feedback. 
• Triage product or system issues and debug/track/resolve by analyzing the sources of 
issues and the impact on hardware, network, or service operations and quality.
, natural language processing, UI design and 
mobile; the list goes on and is growing every day. As a software engineer, you will work on a 
specific project critical to Google’s needs with opportunities to switch teams and projects 
as you and our fast-paced business grow and evolve. We need our engineers to be versatile, 
display leadership qualities and be enthusiastic to take on new problems across the full-
stack as we continue to push technology forward. Android is Google’s mobile operating 
system powering more than 3 billion devices worldwide. Android is about bringing 
computing to everyone in the world. We believe computing is a super power for good,enabling access to information, economic opportunity, productivity, connectivity between 
friends and family and more. We think everyone in the world should have access to the best 
computing has to offer. We provide the platform for original equipment manufacturers 
(OEMs) and developers to build compelling computing devices (smartphones, tablets, TVs, 
wearables, etc) that run the best apps/services for everyone in the world. 
 
The US base salary range for this full-time position is $166,000-$244,000 + bonus + equity + 
benefits. Our salary ranges are determined by role, level, and location"
"14. What programming languages are you proficient in, and how have you applied them in embedded systems or product launches? How do you decide which language or technology to use for a given project?","Senior Software Engineer, Engineering Productivity 
GoogleplaceSan Jose, CA, USA 
Minimum qualifications: 
• Bachelor’s degree or equivalent practical experience. 
• 5 years of experience with software development in one or more programming 
languages. 
• 3 years of experience working with embedded operating systems. 
• 3 years of experience testing, maintaining, or launching software products. 
• 1 year of experience with software design and architecture. 
 
 
 
Preferred qualifications: 
• Master's degree or PhD in Computer Science or related technical field. 
• 5 years of experience with data structures/algorithms. 
• 1 year of experience in a technical leadership role. 
• Experience developing accessible technologies. 
About the job 
Google's software engineers develop the next-generation technologies that change how 
billions of users connect, explore, and interact with information and one another. Our 
products need to handle information at massive scale, and extend well beyond web 
search. We're looking for engineers who bring fresh ideas from all areas, including 
information retrieval, distributed computing, large-scale system design, networking and 
data storage, security, artificial intelligence, natural language processing, UI design and 
mobile; the list goes on and is growing every day. As a software engineer
, natural language processing, UI design and 
mobile; the list goes on and is growing every day. As a software engineer, you will work on a 
specific project critical to Google’s needs with opportunities to switch teams and projects 
as you and our fast-paced business grow and evolve. We need our engineers to be versatile, 
display leadership qualities and be enthusiastic to take on new problems across the full-
stack as we continue to push technology forward. Android is Google’s mobile operating 
system powering more than 3 billion devices worldwide. Android is about bringing 
computing to everyone in the world. We believe computing is a super power for good,enabling access to information, economic opportunity, productivity, connectivity between 
friends and family and more. We think everyone in the world should have access to the best 
computing has to offer. We provide the platform for original equipment manufacturers 
(OEMs) and developers to build compelling computing devices (smartphones, tablets, TVs, 
wearables, etc) that run the best apps/services for everyone in the world. 
 
The US base salary range for this full-time position is $166,000-$244,000 + bonus + equity + 
benefits. Our salary ranges are determined by role, level, and location
-$244,000 + bonus + equity + 
benefits. Our salary ranges are determined by role, level, and location. Within the range, 
individual pay is determined by work location and additional factors, including job-related 
skills, experience, and relevant education or training. Your recruiter can share more about 
the specific salary range for your preferred location during the hiring process. 
 
Please note that the compensation details listed in US role postings reflect the base salary 
only, and do not include bonus, equity, or benefits. Learn more about benefits at Google. 
Responsibilities 
• Write and test product or system development code. 
• Participate in, or lead design reviews with peers and stakeholders to decide 
amongst available technologies. 
• Review code developed by other developers and provide feedback to ensure best 
practices (e.g., style guidelines, checking code in, accuracy, testability, and 
efficiency). 
• Contribute to existing documentation or educational content and adapt content 
based on product/program updates and user feedback. 
• Triage product or system issues and debug/track/resolve by analyzing the sources of 
issues and the impact on hardware, network, or service operations and quality."
"15. How do you stay current with emerging technologies in areas such as artificial intelligence, natural language processing, networking, or mobile development? How have you applied new knowledge to your work?","Senior Software Engineer, Engineering Productivity 
GoogleplaceSan Jose, CA, USA 
Minimum qualifications: 
• Bachelor’s degree or equivalent practical experience. 
• 5 years of experience with software development in one or more programming 
languages. 
• 3 years of experience working with embedded operating systems. 
• 3 years of experience testing, maintaining, or launching software products. 
• 1 year of experience with software design and architecture. 
 
 
 
Preferred qualifications: 
• Master's degree or PhD in Computer Science or related technical field. 
• 5 years of experience with data structures/algorithms. 
• 1 year of experience in a technical leadership role. 
• Experience developing accessible technologies. 
About the job 
Google's software engineers develop the next-generation technologies that change how 
billions of users connect, explore, and interact with information and one another. Our 
products need to handle information at massive scale, and extend well beyond web 
search. We're looking for engineers who bring fresh ideas from all areas, including 
information retrieval, distributed computing, large-scale system design, networking and 
data storage, security, artificial intelligence, natural language processing, UI design and 
mobile; the list goes on and is growing every day. As a software engineer
, natural language processing, UI design and 
mobile; the list goes on and is growing every day. As a software engineer, you will work on a 
specific project critical to Google’s needs with opportunities to switch teams and projects 
as you and our fast-paced business grow and evolve. We need our engineers to be versatile, 
display leadership qualities and be enthusiastic to take on new problems across the full-
stack as we continue to push technology forward. Android is Google’s mobile operating 
system powering more than 3 billion devices worldwide. Android is about bringing 
computing to everyone in the world. We believe computing is a super power for good,enabling access to information, economic opportunity, productivity, connectivity between 
friends and family and more. We think everyone in the world should have access to the best 
computing has to offer. We provide the platform for original equipment manufacturers 
(OEMs) and developers to build compelling computing devices (smartphones, tablets, TVs, 
wearables, etc) that run the best apps/services for everyone in the world. 
 
The US base salary range for this full-time position is $166,000-$244,000 + bonus + equity + 
benefits. Our salary ranges are determined by role, level, and location
-$244,000 + bonus + equity + 
benefits. Our salary ranges are determined by role, level, and location. Within the range, 
individual pay is determined by work location and additional factors, including job-related 
skills, experience, and relevant education or training. Your recruiter can share more about 
the specific salary range for your preferred location during the hiring process. 
 
Please note that the compensation details listed in US role postings reflect the base salary 
only, and do not include bonus, equity, or benefits. Learn more about benefits at Google. 
Responsibilities 
• Write and test product or system development code. 
• Participate in, or lead design reviews with peers and stakeholders to decide 
amongst available technologies. 
• Review code developed by other developers and provide feedback to ensure best 
practices (e.g., style guidelines, checking code in, accuracy, testability, and 
efficiency). 
• Contribute to existing documentation or educational content and adapt content 
based on product/program updates and user feedback. 
• Triage product or system issues and debug/track/resolve by analyzing the sources of 
issues and the impact on hardware, network, or service operations and quality."
"16. How do you balance coding responsibilities with other tasks such as design reviews, mentoring, and documentation in your daily workflow?","-$244,000 + bonus + equity + 
benefits. Our salary ranges are determined by role, level, and location. Within the range, 
individual pay is determined by work location and additional factors, including job-related 
skills, experience, and relevant education or training. Your recruiter can share more about 
the specific salary range for your preferred location during the hiring process. 
 
Please note that the compensation details listed in US role postings reflect the base salary 
only, and do not include bonus, equity, or benefits. Learn more about benefits at Google. 
Responsibilities 
• Write and test product or system development code. 
• Participate in, or lead design reviews with peers and stakeholders to decide 
amongst available technologies. 
• Review code developed by other developers and provide feedback to ensure best 
practices (e.g., style guidelines, checking code in, accuracy, testability, and 
efficiency). 
• Contribute to existing documentation or educational content and adapt content 
based on product/program updates and user feedback. 
• Triage product or system issues and debug/track/resolve by analyzing the sources of 
issues and the impact on hardware, network, or service operations and quality.
Senior Software Engineer, Engineering Productivity 
GoogleplaceSan Jose, CA, USA 
Minimum qualifications: 
• Bachelor’s degree or equivalent practical experience. 
• 5 years of experience with software development in one or more programming 
languages. 
• 3 years of experience working with embedded operating systems. 
• 3 years of experience testing, maintaining, or launching software products. 
• 1 year of experience with software design and architecture. 
 
 
 
Preferred qualifications: 
• Master's degree or PhD in Computer Science or related technical field. 
• 5 years of experience with data structures/algorithms. 
• 1 year of experience in a technical leadership role. 
• Experience developing accessible technologies. 
About the job 
Google's software engineers develop the next-generation technologies that change how 
billions of users connect, explore, and interact with information and one another. Our 
products need to handle information at massive scale, and extend well beyond web 
search. We're looking for engineers who bring fresh ideas from all areas, including 
information retrieval, distributed computing, large-scale system design, networking and 
data storage, security, artificial intelligence, natural language processing, UI design and 
mobile; the list goes on and is growing every day. As a software engineer
, natural language processing, UI design and 
mobile; the list goes on and is growing every day. As a software engineer, you will work on a 
specific project critical to Google’s needs with opportunities to switch teams and projects 
as you and our fast-paced business grow and evolve. We need our engineers to be versatile, 
display leadership qualities and be enthusiastic to take on new problems across the full-
stack as we continue to push technology forward. Android is Google’s mobile operating 
system powering more than 3 billion devices worldwide. Android is about bringing 
computing to everyone in the world. We believe computing is a super power for good,enabling access to information, economic opportunity, productivity, connectivity between 
friends and family and more. We think everyone in the world should have access to the best 
computing has to offer. We provide the platform for original equipment manufacturers 
(OEMs) and developers to build compelling computing devices (smartphones, tablets, TVs, 
wearables, etc) that run the best apps/services for everyone in the world. 
 
The US base salary range for this full-time position is $166,000-$244,000 + bonus + equity + 
benefits. Our salary ranges are determined by role, level, and location"
"17. What role does testing play in your software development process? Describe the types of tests you write (unit, integration, system, etc.) and how you automate testing to maintain quality.","Senior Software Engineer, Engineering Productivity 
GoogleplaceSan Jose, CA, USA 
Minimum qualifications: 
• Bachelor’s degree or equivalent practical experience. 
• 5 years of experience with software development in one or more programming 
languages. 
• 3 years of experience working with embedded operating systems. 
• 3 years of experience testing, maintaining, or launching software products. 
• 1 year of experience with software design and architecture. 
 
 
 
Preferred qualifications: 
• Master's degree or PhD in Computer Science or related technical field. 
• 5 years of experience with data structures/algorithms. 
• 1 year of experience in a technical leadership role. 
• Experience developing accessible technologies. 
About the job 
Google's software engineers develop the next-generation technologies that change how 
billions of users connect, explore, and interact with information and one another. Our 
products need to handle information at massive scale, and extend well beyond web 
search. We're looking for engineers who bring fresh ideas from all areas, including 
information retrieval, distributed computing, large-scale system design, networking and 
data storage, security, artificial intelligence, natural language processing, UI design and 
mobile; the list goes on and is growing every day. As a software engineer
-$244,000 + bonus + equity + 
benefits. Our salary ranges are determined by role, level, and location. Within the range, 
individual pay is determined by work location and additional factors, including job-related 
skills, experience, and relevant education or training. Your recruiter can share more about 
the specific salary range for your preferred location during the hiring process. 
 
Please note that the compensation details listed in US role postings reflect the base salary 
only, and do not include bonus, equity, or benefits. Learn more about benefits at Google. 
Responsibilities 
• Write and test product or system development code. 
• Participate in, or lead design reviews with peers and stakeholders to decide 
amongst available technologies. 
• Review code developed by other developers and provide feedback to ensure best 
practices (e.g., style guidelines, checking code in, accuracy, testability, and 
efficiency). 
• Contribute to existing documentation or educational content and adapt content 
based on product/program updates and user feedback. 
• Triage product or system issues and debug/track/resolve by analyzing the sources of 
issues and the impact on hardware, network, or service operations and quality.
, natural language processing, UI design and 
mobile; the list goes on and is growing every day. As a software engineer, you will work on a 
specific project critical to Google’s needs with opportunities to switch teams and projects 
as you and our fast-paced business grow and evolve. We need our engineers to be versatile, 
display leadership qualities and be enthusiastic to take on new problems across the full-
stack as we continue to push technology forward. Android is Google’s mobile operating 
system powering more than 3 billion devices worldwide. Android is about bringing 
computing to everyone in the world. We believe computing is a super power for good,enabling access to information, economic opportunity, productivity, connectivity between 
friends and family and more. We think everyone in the world should have access to the best 
computing has to offer. We provide the platform for original equipment manufacturers 
(OEMs) and developers to build compelling computing devices (smartphones, tablets, TVs, 
wearables, etc) that run the best apps/services for everyone in the world. 
 
The US base salary range for this full-time position is $166,000-$244,000 + bonus + equity + 
benefits. Our salary ranges are determined by role, level, and location"
18. Imagine a critical bug arises that affects hardware or network operations. How would you approach debugging and resolving this issue to minimize impact?,"Senior Software Engineer, Engineering Productivity 
GoogleplaceSan Jose, CA, USA 
Minimum qualifications: 
• Bachelor’s degree or equivalent practical experience. 
• 5 years of experience with software development in one or more programming 
languages. 
• 3 years of experience working with embedded operating systems. 
• 3 years of experience testing, maintaining, or launching software products. 
• 1 year of experience with software design and architecture. 
 
 
 
Preferred qualifications: 
• Master's degree or PhD in Computer Science or related technical field. 
• 5 years of experience with data structures/algorithms. 
• 1 year of experience in a technical leadership role. 
• Experience developing accessible technologies. 
About the job 
Google's software engineers develop the next-generation technologies that change how 
billions of users connect, explore, and interact with information and one another. Our 
products need to handle information at massive scale, and extend well beyond web 
search. We're looking for engineers who bring fresh ideas from all areas, including 
information retrieval, distributed computing, large-scale system design, networking and 
data storage, security, artificial intelligence, natural language processing, UI design and 
mobile; the list goes on and is growing every day. As a software engineer
-$244,000 + bonus + equity + 
benefits. Our salary ranges are determined by role, level, and location. Within the range, 
individual pay is determined by work location and additional factors, including job-related 
skills, experience, and relevant education or training. Your recruiter can share more about 
the specific salary range for your preferred location during the hiring process. 
 
Please note that the compensation details listed in US role postings reflect the base salary 
only, and do not include bonus, equity, or benefits. Learn more about benefits at Google. 
Responsibilities 
• Write and test product or system development code. 
• Participate in, or lead design reviews with peers and stakeholders to decide 
amongst available technologies. 
• Review code developed by other developers and provide feedback to ensure best 
practices (e.g., style guidelines, checking code in, accuracy, testability, and 
efficiency). 
• Contribute to existing documentation or educational content and adapt content 
based on product/program updates and user feedback. 
• Triage product or system issues and debug/track/resolve by analyzing the sources of 
issues and the impact on hardware, network, or service operations and quality.
, natural language processing, UI design and 
mobile; the list goes on and is growing every day. As a software engineer, you will work on a 
specific project critical to Google’s needs with opportunities to switch teams and projects 
as you and our fast-paced business grow and evolve. We need our engineers to be versatile, 
display leadership qualities and be enthusiastic to take on new problems across the full-
stack as we continue to push technology forward. Android is Google’s mobile operating 
system powering more than 3 billion devices worldwide. Android is about bringing 
computing to everyone in the world. We believe computing is a super power for good,enabling access to information, economic opportunity, productivity, connectivity between 
friends and family and more. We think everyone in the world should have access to the best 
computing has to offer. We provide the platform for original equipment manufacturers 
(OEMs) and developers to build compelling computing devices (smartphones, tablets, TVs, 
wearables, etc) that run the best apps/services for everyone in the world. 
 
The US base salary range for this full-time position is $166,000-$244,000 + bonus + equity + 
benefits. Our salary ranges are determined by role, level, and location"
19. Discuss your experience incorporating security best practices into software development. How do you ensure your code is secure and resilient against potential threats?,"Senior Software Engineer, Engineering Productivity 
GoogleplaceSan Jose, CA, USA 
Minimum qualifications: 
• Bachelor’s degree or equivalent practical experience. 
• 5 years of experience with software development in one or more programming 
languages. 
• 3 years of experience working with embedded operating systems. 
• 3 years of experience testing, maintaining, or launching software products. 
• 1 year of experience with software design and architecture. 
 
 
 
Preferred qualifications: 
• Master's degree or PhD in Computer Science or related technical field. 
• 5 years of experience with data structures/algorithms. 
• 1 year of experience in a technical leadership role. 
• Experience developing accessible technologies. 
About the job 
Google's software engineers develop the next-generation technologies that change how 
billions of users connect, explore, and interact with information and one another. Our 
products need to handle information at massive scale, and extend well beyond web 
search. We're looking for engineers who bring fresh ideas from all areas, including 
information retrieval, distributed computing, large-scale system design, networking and 
data storage, security, artificial intelligence, natural language processing, UI design and 
mobile; the list goes on and is growing every day. As a software engineer
-$244,000 + bonus + equity + 
benefits. Our salary ranges are determined by role, level, and location. Within the range, 
individual pay is determined by work location and additional factors, including job-related 
skills, experience, and relevant education or training. Your recruiter can share more about 
the specific salary range for your preferred location during the hiring process. 
 
Please note that the compensation details listed in US role postings reflect the base salary 
only, and do not include bonus, equity, or benefits. Learn more about benefits at Google. 
Responsibilities 
• Write and test product or system development code. 
• Participate in, or lead design reviews with peers and stakeholders to decide 
amongst available technologies. 
• Review code developed by other developers and provide feedback to ensure best 
practices (e.g., style guidelines, checking code in, accuracy, testability, and 
efficiency). 
• Contribute to existing documentation or educational content and adapt content 
based on product/program updates and user feedback. 
• Triage product or system issues and debug/track/resolve by analyzing the sources of 
issues and the impact on hardware, network, or service operations and quality.
, natural language processing, UI design and 
mobile; the list goes on and is growing every day. As a software engineer, you will work on a 
specific project critical to Google’s needs with opportunities to switch teams and projects 
as you and our fast-paced business grow and evolve. We need our engineers to be versatile, 
display leadership qualities and be enthusiastic to take on new problems across the full-
stack as we continue to push technology forward. Android is Google’s mobile operating 
system powering more than 3 billion devices worldwide. Android is about bringing 
computing to everyone in the world. We believe computing is a super power for good,enabling access to information, economic opportunity, productivity, connectivity between 
friends and family and more. We think everyone in the world should have access to the best 
computing has to offer. We provide the platform for original equipment manufacturers 
(OEMs) and developers to build compelling computing devices (smartphones, tablets, TVs, 
wearables, etc) that run the best apps/services for everyone in the world. 
 
The US base salary range for this full-time position is $166,000-$244,000 + bonus + equity + 
benefits. Our salary ranges are determined by role, level, and location"
"20. Google values versatility and enthusiasm for tackling new problems. How do you demonstrate these qualities in your work as a software engineer, especially when working across different teams or technology stacks?","Senior Software Engineer, Engineering Productivity 
GoogleplaceSan Jose, CA, USA 
Minimum qualifications: 
• Bachelor’s degree or equivalent practical experience. 
• 5 years of experience with software development in one or more programming 
languages. 
• 3 years of experience working with embedded operating systems. 
• 3 years of experience testing, maintaining, or launching software products. 
• 1 year of experience with software design and architecture. 
 
 
 
Preferred qualifications: 
• Master's degree or PhD in Computer Science or related technical field. 
• 5 years of experience with data structures/algorithms. 
• 1 year of experience in a technical leadership role. 
• Experience developing accessible technologies. 
About the job 
Google's software engineers develop the next-generation technologies that change how 
billions of users connect, explore, and interact with information and one another. Our 
products need to handle information at massive scale, and extend well beyond web 
search. We're looking for engineers who bring fresh ideas from all areas, including 
information retrieval, distributed computing, large-scale system design, networking and 
data storage, security, artificial intelligence, natural language processing, UI design and 
mobile; the list goes on and is growing every day. As a software engineer
-$244,000 + bonus + equity + 
benefits. Our salary ranges are determined by role, level, and location. Within the range, 
individual pay is determined by work location and additional factors, including job-related 
skills, experience, and relevant education or training. Your recruiter can share more about 
the specific salary range for your preferred location during the hiring process. 
 
Please note that the compensation details listed in US role postings reflect the base salary 
only, and do not include bonus, equity, or benefits. Learn more about benefits at Google. 
Responsibilities 
• Write and test product or system development code. 
• Participate in, or lead design reviews with peers and stakeholders to decide 
amongst available technologies. 
• Review code developed by other developers and provide feedback to ensure best 
practices (e.g., style guidelines, checking code in, accuracy, testability, and 
efficiency). 
• Contribute to existing documentation or educational content and adapt content 
based on product/program updates and user feedback. 
• Triage product or system issues and debug/track/resolve by analyzing the sources of 
issues and the impact on hardware, network, or service operations and quality.
, natural language processing, UI design and 
mobile; the list goes on and is growing every day. As a software engineer, you will work on a 
specific project critical to Google’s needs with opportunities to switch teams and projects 
as you and our fast-paced business grow and evolve. We need our engineers to be versatile, 
display leadership qualities and be enthusiastic to take on new problems across the full-
stack as we continue to push technology forward. Android is Google’s mobile operating 
system powering more than 3 billion devices worldwide. Android is about bringing 
computing to everyone in the world. We believe computing is a super power for good,enabling access to information, economic opportunity, productivity, connectivity between 
friends and family and more. We think everyone in the world should have access to the best 
computing has to offer. We provide the platform for original equipment manufacturers 
(OEMs) and developers to build compelling computing devices (smartphones, tablets, TVs, 
wearables, etc) that run the best apps/services for everyone in the world. 
 
The US base salary range for this full-time position is $166,000-$244,000 + bonus + equity + 
benefits. Our salary ranges are determined by role, level, and location"
